agent,model,resolution_status,debug_difficulty,instance_id,phases,link_to_graphectory,self_loop,two_node_cycle,multi_node_cycle,loop_family,max_repeats_rule
SWE-agent,deepseek-r1-0528,resolved,15 min - 1 hour,django__django-11848,"L_2, P_1, V_12",https://github.com/Intelligent-CAT-Lab/Graphectory/blob/application/data/SWE-agent/graphs/deepseek-r1-0528/django__django-11848/django__django-11848.pdf,True,False,False,False,False
SWE-agent,deepseek-r1-0528,resolved,15 min - 1 hour,django__django-13401,"L_3, P_1, V_4, P_1, V_1, P_1, V_1, L_2, P_1, V_1",https://github.com/Intelligent-CAT-Lab/Graphectory/blob/application/data/SWE-agent/graphs/deepseek-r1-0528/django__django-13401/django__django-13401.pdf,True,False,False,False,False
SWE-agent,deepseek-r1-0528,resolved,15 min - 1 hour,django__django-16454,"L_3, P_1, V_1, P_1, V_4, P_4, V_2, P_1, V_1, P_1, V_1, P_1, V_11, P_1, V_1",https://github.com/Intelligent-CAT-Lab/Graphectory/blob/application/data/SWE-agent/graphs/deepseek-r1-0528/django__django-16454/django__django-16454.pdf,False,True,False,False,False
SWE-agent,deepseek-r1-0528,resolved,15 min - 1 hour,django__django-7530,"L_5, P_3, L_1, P_1, L_1, P_1, L_1, P_1, L_1, P_3, L_1, P_1, L_1",https://github.com/Intelligent-CAT-Lab/Graphectory/blob/application/data/SWE-agent/graphs/deepseek-r1-0528/django__django-7530/django__django-7530.pdf,False,False,True,False,False
SWE-agent,deepseek-r1-0528,resolved,15 min - 1 hour,sphinx-doc__sphinx-10466,"L_1, P_1, V_2, P_1, L_1, P_6, L_1, P_3, V_1, P_3, V_1, P_1, L_1, P_2, V_1, P_2, V_3, P_2, V_2, L_5, V_1",https://github.com/Intelligent-CAT-Lab/Graphectory/blob/application/data/SWE-agent/graphs/deepseek-r1-0528/sphinx-doc__sphinx-10466/sphinx-doc__sphinx-10466.pdf,True,False,False,False,False
SWE-agent,deepseek-r1-0528,resolved,15 min - 1 hour,sympy__sympy-12419,"L_6, P_1, V_2, P_2, V_1, P_1, V_1, P_1, V_3",https://github.com/Intelligent-CAT-Lab/Graphectory/blob/application/data/SWE-agent/graphs/deepseek-r1-0528/sympy__sympy-12419/sympy__sympy-12419.pdf,False,True,False,False,False
SWE-agent,deepseek-r1-0528,resolved,15 min - 1 hour,sympy__sympy-19783,"L_8, P_2, V_1, P_1, V_1, P_1, V_3",https://github.com/Intelligent-CAT-Lab/Graphectory/blob/application/data/SWE-agent/graphs/deepseek-r1-0528/sympy__sympy-19783/sympy__sympy-19783.pdf,True,False,False,False,False
SWE-agent,deepseek-r1-0528,resolved,<15 min fix,pydata__xarray-4629,"L_6, P_1, V_1",https://github.com/Intelligent-CAT-Lab/Graphectory/blob/application/data/SWE-agent/graphs/deepseek-r1-0528/pydata__xarray-4629/pydata__xarray-4629.pdf,False,True,False,False,False
SWE-agent,deepseek-r1-0528,resolved,<15 min fix,pytest-dev__pytest-5262,"L_3, P_1, V_10",https://github.com/Intelligent-CAT-Lab/Graphectory/blob/application/data/SWE-agent/graphs/deepseek-r1-0528/pytest-dev__pytest-5262/pytest-dev__pytest-5262.pdf,True,False,False,False,False
SWE-agent,deepseek-r1-0528,unresolved,1-4 hours,django__django-13128,"L_3, P_3, V_3, L_2, P_1, V_3, P_3, V_2, P_3, V_11, L_1, P_1, V_1",https://github.com/Intelligent-CAT-Lab/Graphectory/blob/application/data/SWE-agent/graphs/deepseek-r1-0528/django__django-13128/django__django-13128.pdf,True,False,False,False,False
SWE-agent,deepseek-r1-0528,unresolved,1-4 hours,sphinx-doc__sphinx-9461,"L_10, P_3, L_2, P_1, V_2, P_3, L_1, P_1, L_5",https://github.com/Intelligent-CAT-Lab/Graphectory/blob/application/data/SWE-agent/graphs/deepseek-r1-0528/sphinx-doc__sphinx-9461/sphinx-doc__sphinx-9461.pdf,True,False,False,False,False
SWE-agent,deepseek-r1-0528,unresolved,1-4 hours,sympy__sympy-13852,"L_4, P_1, V_2, L_1, V_8",https://github.com/Intelligent-CAT-Lab/Graphectory/blob/application/data/SWE-agent/graphs/deepseek-r1-0528/sympy__sympy-13852/sympy__sympy-13852.pdf,True,False,False,False,False
SWE-agent,deepseek-r1-0528,unresolved,1-4 hours,sympy__sympy-16597,"L_3, P_2, V_4",https://github.com/Intelligent-CAT-Lab/Graphectory/blob/application/data/SWE-agent/graphs/deepseek-r1-0528/sympy__sympy-16597/sympy__sympy-16597.pdf,False,True,False,False,False
SWE-agent,deepseek-r1-0528,unresolved,15 min - 1 hour,astropy__astropy-14182,"L_3, P_1, V_2, L_1, P_1, V_1, L_1, P_1, V_1, P_1, V_3, P_2, V_1, P_1, V_2, P_1, V_1, P_1, V_1, P_1, L_1, V_3, P_1, V_1, P_1, V_1, P_1, V_1, P_1, V_1, P_1, V_1, P_1, V_1",https://github.com/Intelligent-CAT-Lab/Graphectory/blob/application/data/SWE-agent/graphs/deepseek-r1-0528/astropy__astropy-14182/astropy__astropy-14182.pdf,False,True,False,False,False
SWE-agent,deepseek-r1-0528,unresolved,15 min - 1 hour,django__django-11477,"L_3, P_1, V_1, P_1, L_1, P_4",https://github.com/Intelligent-CAT-Lab/Graphectory/blob/application/data/SWE-agent/graphs/deepseek-r1-0528/django__django-11477/django__django-11477.pdf,True,False,False,False,False
SWE-agent,deepseek-r1-0528,unresolved,15 min - 1 hour,django__django-14500,"L_2, P_1, L_1, P_1, L_1, P_3, L_1, P_3",https://github.com/Intelligent-CAT-Lab/Graphectory/blob/application/data/SWE-agent/graphs/deepseek-r1-0528/django__django-14500/django__django-14500.pdf,False,True,False,False,False
SWE-agent,deepseek-r1-0528,unresolved,15 min - 1 hour,django__django-14725,"L_3, P_2, L_1, P_3, V_2, L_1, P_1, V_5, P_2, V_4, P_1, V_7, P_1, V_17, P_1, V_1, P_1, V_5, P_2, V_1, P_4, L_2, P_1, V_3, P_1, V_3, P_1, V_1, P_1, V_2, P_3",https://github.com/Intelligent-CAT-Lab/Graphectory/blob/application/data/SWE-agent/graphs/deepseek-r1-0528/django__django-14725/django__django-14725.pdf,True,False,False,False,False
SWE-agent,deepseek-r1-0528,unresolved,15 min - 1 hour,django__django-15375,"L_2, P_1, V_1, P_1, V_1, P_1, V_2, P_1, V_1",https://github.com/Intelligent-CAT-Lab/Graphectory/blob/application/data/SWE-agent/graphs/deepseek-r1-0528/django__django-15375/django__django-15375.pdf,False,True,False,False,False
SWE-agent,deepseek-r1-0528,unresolved,15 min - 1 hour,django__django-16938,"L_4, P_1, V_1, P_1, V_2",https://github.com/Intelligent-CAT-Lab/Graphectory/blob/application/data/SWE-agent/graphs/deepseek-r1-0528/django__django-16938/django__django-16938.pdf,False,True,False,False,False
SWE-agent,deepseek-r1-0528,unresolved,15 min - 1 hour,matplotlib__matplotlib-22865,"L_7, P_1, V_2",https://github.com/Intelligent-CAT-Lab/Graphectory/blob/application/data/SWE-agent/graphs/deepseek-r1-0528/matplotlib__matplotlib-22865/matplotlib__matplotlib-22865.pdf,False,True,False,False,False
SWE-agent,deepseek-r1-0528,unresolved,15 min - 1 hour,pydata__xarray-7229,"L_9, P_1, V_2",https://github.com/Intelligent-CAT-Lab/Graphectory/blob/application/data/SWE-agent/graphs/deepseek-r1-0528/pydata__xarray-7229/pydata__xarray-7229.pdf,False,True,False,False,False
SWE-agent,deepseek-r1-0528,unresolved,15 min - 1 hour,pylint-dev__pylint-4604,"L_6, P_1, L_10, P_1, L_2, P_1, L_1, P_1, V_1",https://github.com/Intelligent-CAT-Lab/Graphectory/blob/application/data/SWE-agent/graphs/deepseek-r1-0528/pylint-dev__pylint-4604/pylint-dev__pylint-4604.pdf,True,False,False,False,False
SWE-agent,deepseek-r1-0528,unresolved,15 min - 1 hour,sphinx-doc__sphinx-10614,"L_3, P_1, L_1, P_2, V_10, L_1, P_1, V_3, L_1, P_1, V_3, P_3, V_2, P_3, L_1, P_2, V_1",https://github.com/Intelligent-CAT-Lab/Graphectory/blob/application/data/SWE-agent/graphs/deepseek-r1-0528/sphinx-doc__sphinx-10614/sphinx-doc__sphinx-10614.pdf,True,False,False,False,False
SWE-agent,deepseek-r1-0528,unresolved,15 min - 1 hour,sphinx-doc__sphinx-7757,"L_5, P_1, V_5, P_1, V_1",https://github.com/Intelligent-CAT-Lab/Graphectory/blob/application/data/SWE-agent/graphs/deepseek-r1-0528/sphinx-doc__sphinx-7757/sphinx-doc__sphinx-7757.pdf,False,True,False,False,False
SWE-agent,deepseek-r1-0528,unresolved,15 min - 1 hour,sphinx-doc__sphinx-8551,"L_4, P_3",https://github.com/Intelligent-CAT-Lab/Graphectory/blob/application/data/SWE-agent/graphs/deepseek-r1-0528/sphinx-doc__sphinx-8551/sphinx-doc__sphinx-8551.pdf,True,False,False,False,False
SWE-agent,deepseek-r1-0528,unresolved,15 min - 1 hour,sympy__sympy-19040,"L_14, P_2, V_1, P_2, V_1, P_1, V_1, L_3, V_2, P_2, L_1, P_1, V_1, P_1, V_1, P_1, V_2, P_1, V_1, P_1, V_1",https://github.com/Intelligent-CAT-Lab/Graphectory/blob/application/data/SWE-agent/graphs/deepseek-r1-0528/sympy__sympy-19040/sympy__sympy-19040.pdf,True,False,False,False,False
SWE-agent,deepseek-r1-0528,unresolved,15 min - 1 hour,sympy__sympy-20438,"L_9, P_3, L_1, P_2, V_1, P_1, V_1, P_3, V_1",https://github.com/Intelligent-CAT-Lab/Graphectory/blob/application/data/SWE-agent/graphs/deepseek-r1-0528/sympy__sympy-20438/sympy__sympy-20438.pdf,True,False,False,False,False
SWE-agent,deepseek-r1-0528,unresolved,15 min - 1 hour,sympy__sympy-23262,"L_3, P_1, L_9, P_1, V_1, L_2, P_1, V_3, L_3, P_1, L_1, P_1, V_5, L_2, V_9",https://github.com/Intelligent-CAT-Lab/Graphectory/blob/application/data/SWE-agent/graphs/deepseek-r1-0528/sympy__sympy-23262/sympy__sympy-23262.pdf,False,True,False,False,False
SWE-agent,deepseek-r1-0528,unresolved,<15 min fix,django__django-10097,"L_3, P_5, L_1, P_2, V_12, P_4, V_1, P_6, V_1, P_33, L_1, P_2",https://github.com/Intelligent-CAT-Lab/Graphectory/blob/application/data/SWE-agent/graphs/deepseek-r1-0528/django__django-10097/django__django-10097.pdf,False,False,True,False,False
SWE-agent,deepseek-r1-0528,unresolved,<15 min fix,django__django-11820,"L_1, P_1, L_7, P_2, L_1, P_4, L_1, P_5",https://github.com/Intelligent-CAT-Lab/Graphectory/blob/application/data/SWE-agent/graphs/deepseek-r1-0528/django__django-11820/django__django-11820.pdf,True,False,False,False,False
SWE-agent,deepseek-r1-0528,unresolved,<15 min fix,pydata__xarray-6461,"L_6, P_3, V_1, P_1, V_1, P_1, V_1, L_1",https://github.com/Intelligent-CAT-Lab/Graphectory/blob/application/data/SWE-agent/graphs/deepseek-r1-0528/pydata__xarray-6461/pydata__xarray-6461.pdf,True,False,False,False,False
SWE-agent,deepseek-r1-0528,unresolved,<15 min fix,sphinx-doc__sphinx-10449,"L_5, P_2, L_1, P_1, V_13, P_1, V_1",https://github.com/Intelligent-CAT-Lab/Graphectory/blob/application/data/SWE-agent/graphs/deepseek-r1-0528/sphinx-doc__sphinx-10449/sphinx-doc__sphinx-10449.pdf,True,False,False,False,False
SWE-agent,deepseek-r1-0528,unresolved,<15 min fix,sympy__sympy-18189,"L_4, P_1, V_2, L_4, P_2, V_2, P_1, V_1, P_1, V_1, P_1, V_1, L_2, P_1, V_4, P_1, V_1, P_3, V_2, P_1, L_1, V_8, P_1, V_1",https://github.com/Intelligent-CAT-Lab/Graphectory/blob/application/data/SWE-agent/graphs/deepseek-r1-0528/sympy__sympy-18189/sympy__sympy-18189.pdf,True,False,False,False,False
SWE-agent,deepseek-r1-0528,unsubmitted,<15 min fix,sphinx-doc__sphinx-10323,"L_3, P_4, V_1, L_5",https://github.com/Intelligent-CAT-Lab/Graphectory/blob/application/data/SWE-agent/graphs/deepseek-r1-0528/sphinx-doc__sphinx-10323/sphinx-doc__sphinx-10323.pdf,True,False,False,False,False
SWE-agent,deepseek-v3,resolved,15 min - 1 hour,django__django-13569,"L_3, P_1, V_14, L_1, V_3, P_1, V_1, P_1, V_1, P_1, V_1",https://github.com/Intelligent-CAT-Lab/Graphectory/blob/application/data/SWE-agent/graphs/deepseek-v3/django__django-13569/django__django-13569.pdf,False,True,False,False,False
SWE-agent,deepseek-v3,resolved,15 min - 1 hour,django__django-15561,"L_8, P_1, V_1, P_1, V_1, L_5, P_1, V_1, P_1, V_2",https://github.com/Intelligent-CAT-Lab/Graphectory/blob/application/data/SWE-agent/graphs/deepseek-v3/django__django-15561/django__django-15561.pdf,False,False,True,False,False
SWE-agent,deepseek-v3,resolved,15 min - 1 hour,django__django-16082,"L_21, P_1, V_3, P_1, L_2, P_1, L_2, P_137",https://github.com/Intelligent-CAT-Lab/Graphectory/blob/application/data/SWE-agent/graphs/deepseek-v3/django__django-16082/django__django-16082.pdf,True,False,False,False,True
SWE-agent,deepseek-v3,resolved,15 min - 1 hour,sympy__sympy-19783,"L_6, P_2, L_1, V_1, P_1, V_1, P_2, V_1, P_2, L_1, P_2, L_1, P_1, V_1, L_2, P_1, V_1",https://github.com/Intelligent-CAT-Lab/Graphectory/blob/application/data/SWE-agent/graphs/deepseek-v3/sympy__sympy-19783/sympy__sympy-19783.pdf,True,False,False,False,False
SWE-agent,deepseek-v3,resolved,<15 min fix,django__django-14765,"L_4, P_3",https://github.com/Intelligent-CAT-Lab/Graphectory/blob/application/data/SWE-agent/graphs/deepseek-v3/django__django-14765/django__django-14765.pdf,True,False,False,False,False
SWE-agent,deepseek-v3,unresolved,1-4 hours,sphinx-doc__sphinx-8548,"L_9, P_1, V_1, L_1, P_1, V_1, L_1, P_4, L_1, P_2, V_1, L_1, P_1, V_1, L_2, P_1, V_1, L_1, P_1, L_1, P_1, L_1, P_1, L_1, P_1, L_1, P_1, L_1, P_1, L_1, P_1, L_1, P_1, L_1, P_1, L_1, P_1, L_1, P_1, L_1, P_1, L_1, P_1, L_1, P_1, L_1",https://github.com/Intelligent-CAT-Lab/Graphectory/blob/application/data/SWE-agent/graphs/deepseek-v3/sphinx-doc__sphinx-8548/sphinx-doc__sphinx-8548.pdf,False,True,False,False,True
SWE-agent,deepseek-v3,unresolved,1-4 hours,sphinx-doc__sphinx-9229,"P_4, L_1, P_6, L_1, P_2, L_1, P_2, L_1, P_2, L_1, P_2, L_1, P_2, L_1, P_2, L_1, P_2, L_1, P_2, L_1, P_2, L_1, P_2, L_1, P_2, L_1, P_2, L_1, P_2, L_1, P_2, L_1, P_2, L_1, P_2, L_1, P_2, L_1, P_2, L_1, P_2, L_1, P_2, L_1, P_2, L_1, P_2, L_1, P_2, L_1, P_2, L_1, P_2, L_1, P_2, L_1, P_2, L_1, P_2, L_1, P_2, L_1, P_1",https://github.com/Intelligent-CAT-Lab/Graphectory/blob/application/data/SWE-agent/graphs/deepseek-v3/sphinx-doc__sphinx-9229/sphinx-doc__sphinx-9229.pdf,True,False,True,False,True
SWE-agent,deepseek-v3,unresolved,1-4 hours,sympy__sympy-13852,"L_6, P_1, V_10",https://github.com/Intelligent-CAT-Lab/Graphectory/blob/application/data/SWE-agent/graphs/deepseek-v3/sympy__sympy-13852/sympy__sympy-13852.pdf,True,False,False,False,False
SWE-agent,deepseek-v3,unresolved,1-4 hours,sympy__sympy-17630,"L_7, P_1, V_1, P_1, V_1, P_1, V_1, P_1, V_1",https://github.com/Intelligent-CAT-Lab/Graphectory/blob/application/data/SWE-agent/graphs/deepseek-v3/sympy__sympy-17630/sympy__sympy-17630.pdf,True,False,False,False,False
SWE-agent,deepseek-v3,unresolved,15 min - 1 hour,django__django-11292,"L_2, P_1, V_1, L_1, V_1, L_1, P_1, V_10, L_2, P_1, V_3, L_1, P_1, V_2, P_1, V_4, P_1, V_2, P_1, V_2",https://github.com/Intelligent-CAT-Lab/Graphectory/blob/application/data/SWE-agent/graphs/deepseek-v3/django__django-11292/django__django-11292.pdf,False,True,False,False,False
SWE-agent,deepseek-v3,unresolved,15 min - 1 hour,django__django-11551,"L_15, P_1, V_1, P_1, V_5, P_2, V_4, P_2, V_4, P_2, V_4, P_2, V_4, P_2, V_4, P_2, V_4, P_2, V_4, P_2, V_4, P_2, V_4, P_2, V_4, P_2, V_4, P_2, V_4",https://github.com/Intelligent-CAT-Lab/Graphectory/blob/application/data/SWE-agent/graphs/deepseek-v3/django__django-11551/django__django-11551.pdf,False,False,True,False,False
SWE-agent,deepseek-v3,unresolved,15 min - 1 hour,django__django-12858,L_38,https://github.com/Intelligent-CAT-Lab/Graphectory/blob/application/data/SWE-agent/graphs/deepseek-v3/django__django-12858/django__django-12858.pdf,True,False,False,False,False
SWE-agent,deepseek-v3,unresolved,15 min - 1 hour,django__django-13346,"L_6, P_1, V_1, P_1, V_1, P_1, V_1, P_2, V_1, P_1, V_1, P_1, V_1, P_3, V_1, P_1, V_1, P_1, V_1, P_1, V_1, P_1, V_1, P_1, V_1, P_1, V_1, P_1, V_1, P_1, V_1, P_1, V_1, P_1, V_1, P_1, V_1, P_1, V_1, P_1, V_1, P_1, V_1, P_1, V_1, P_1, V_1, P_1, V_1, P_1, V_1, P_1, V_1, P_1, V_1, P_1, V_1, P_1, V_1, P_1, V_1, P_1, V_1",https://github.com/Intelligent-CAT-Lab/Graphectory/blob/application/data/SWE-agent/graphs/deepseek-v3/django__django-13346/django__django-13346.pdf,True,False,False,True,True
SWE-agent,deepseek-v3,unresolved,15 min - 1 hour,django__django-14034,"L_4, P_1, V_4, P_1, V_1, P_1, V_1, P_1, V_1, P_1, V_1, P_1, V_1, P_1, V_2, P_1, V_4, P_1, V_2, P_1, V_2, P_1, V_2, P_1, V_2, P_1, V_2, P_1, V_2, P_1, V_2, P_1, V_1",https://github.com/Intelligent-CAT-Lab/Graphectory/blob/application/data/SWE-agent/graphs/deepseek-v3/django__django-14034/django__django-14034.pdf,False,False,True,False,False
SWE-agent,deepseek-v3,unresolved,15 min - 1 hour,django__django-14351,L_50,https://github.com/Intelligent-CAT-Lab/Graphectory/blob/application/data/SWE-agent/graphs/deepseek-v3/django__django-14351/django__django-14351.pdf,True,True,False,False,False
SWE-agent,deepseek-v3,unresolved,15 min - 1 hour,django__django-15278,"L_18, P_1, V_2, P_1, V_2, P_1, V_2, L_1, P_1, V_3, L_3, P_1, V_1, L_1, P_1, L_2, P_1, V_1, L_1, P_1, L_3, P_1, L_1, P_1, V_1, P_1, L_2, P_1, L_1, P_1, L_1, P_1, L_1, P_1, L_1, P_1, L_1, P_1, L_1",https://github.com/Intelligent-CAT-Lab/Graphectory/blob/application/data/SWE-agent/graphs/deepseek-v3/django__django-15278/django__django-15278.pdf,False,True,False,False,False
SWE-agent,deepseek-v3,unresolved,15 min - 1 hour,django__django-15563,"L_4, P_1, V_3, P_2, V_1, P_2, V_3, P_2, L_1, P_1, V_6, L_6, P_1, V_14, P_1, V_1, P_1, V_4, P_1, V_1, P_1, V_1, P_1, V_1, P_2, V_1, P_2, V_1, P_2, V_1, P_2, V_1, P_2, V_1, P_2, V_1, P_2, V_1, P_2, V_1, P_2, V_1, P_2, V_1, P_2, V_1, P_2, V_1, P_2, V_1, P_2, V_1, P_2, V_1, P_2, V_1, P_2, V_1, P_2, V_1, P_2, V_1, P_2, V_1, P_2, V_1, P_2, V_1, P_2, V_1, P_2, V_1, P_2, V_1, P_2, V_1, P_2, V_1",https://github.com/Intelligent-CAT-Lab/Graphectory/blob/application/data/SWE-agent/graphs/deepseek-v3/django__django-15563/django__django-15563.pdf,False,False,True,False,True
SWE-agent,deepseek-v3,unresolved,15 min - 1 hour,matplotlib__matplotlib-14623,"L_11, P_2, L_4, P_1, V_1, P_1, V_1, P_1, V_1, P_2, V_1, P_1, V_1, P_1, V_1, P_1, V_1, P_16",https://github.com/Intelligent-CAT-Lab/Graphectory/blob/application/data/SWE-agent/graphs/deepseek-v3/matplotlib__matplotlib-14623/matplotlib__matplotlib-14623.pdf,False,True,False,False,False
SWE-agent,deepseek-v3,unresolved,15 min - 1 hour,pydata__xarray-3095,"L_6, P_1, V_7, L_12, P_1, V_1, P_1, V_1, L_3, P_1, V_1, P_1, V_1, P_1, V_1, P_1, V_1, P_1",https://github.com/Intelligent-CAT-Lab/Graphectory/blob/application/data/SWE-agent/graphs/deepseek-v3/pydata__xarray-3095/pydata__xarray-3095.pdf,False,True,False,False,False
SWE-agent,deepseek-v3,unresolved,15 min - 1 hour,pydata__xarray-4687,"L_4, P_2, V_2, L_2, P_1, V_1, P_1, V_1, P_2, V_1, P_2, V_2, P_1, V_1, P_1, V_1, P_2, V_1, P_1, V_1, P_2, V_1, P_2, V_1, P_3, V_1, P_3, V_1, P_3, V_1, P_3, V_1, P_3, V_1, P_3, V_1, P_3, V_1, P_3, V_1, P_3, V_1, P_3, V_1, P_3, V_1, P_3, V_1, P_3, V_1, P_3, V_1, P_3, V_1, P_3, V_1, P_3, V_1, P_3, V_1, P_1",https://github.com/Intelligent-CAT-Lab/Graphectory/blob/application/data/SWE-agent/graphs/deepseek-v3/pydata__xarray-4687/pydata__xarray-4687.pdf,False,False,True,False,True
SWE-agent,deepseek-v3,unresolved,15 min - 1 hour,pydata__xarray-6744,"L_3, P_1, V_4, P_1, V_1, P_1, V_1, P_1, V_1, P_1, V_1, P_1, V_1, P_1, V_1, P_1, V_1, P_1, V_1, P_1, V_1, P_1, V_1, P_1, V_1, P_1, V_1, P_1, V_1, P_1, V_1, P_1, V_1, P_1, V_1, P_1, V_1, P_1, V_1, P_1, V_1, P_1, V_1, P_1, V_1, P_1, V_1, P_1, V_1, P_1, V_1, P_1, V_1, P_1, V_1, P_1, V_1, P_1, V_1, P_1, V_1, P_1, V_1, P_1, V_1, P_1, V_1, P_1, V_1, P_1, V_1, P_1, V_1, P_1, V_1, P_1, V_1, P_1, V_1, P_1",https://github.com/Intelligent-CAT-Lab/Graphectory/blob/application/data/SWE-agent/graphs/deepseek-v3/pydata__xarray-6744/pydata__xarray-6744.pdf,False,False,True,False,True
SWE-agent,deepseek-v3,unresolved,15 min - 1 hour,scikit-learn__scikit-learn-9288,"L_9, P_1, V_1, L_1, P_1, V_1, P_2, V_1, P_53",https://github.com/Intelligent-CAT-Lab/Graphectory/blob/application/data/SWE-agent/graphs/deepseek-v3/scikit-learn__scikit-learn-9288/scikit-learn__scikit-learn-9288.pdf,True,False,False,False,True
SWE-agent,deepseek-v3,unresolved,15 min - 1 hour,sphinx-doc__sphinx-7757,"L_2, P_1, L_3, P_1, L_1, P_1, L_3, P_1, L_3, P_1, L_2, P_2, L_1, P_1, L_1, P_2, L_1, P_2, L_2",https://github.com/Intelligent-CAT-Lab/Graphectory/blob/application/data/SWE-agent/graphs/deepseek-v3/sphinx-doc__sphinx-7757/sphinx-doc__sphinx-7757.pdf,True,False,False,False,False
SWE-agent,deepseek-v3,unresolved,15 min - 1 hour,sphinx-doc__sphinx-8056,"L_11, P_2, V_2, P_1, V_9, P_1, L_2, P_1, V_1, L_7, P_1, V_1, P_1, V_1, L_3, P_2, V_1, P_1, V_1, P_1, V_1, L_1, P_1, V_1, P_1, V_1, P_1, L_1, P_1, L_1, P_2, L_1, P_4, V_1, P_1, V_1",https://github.com/Intelligent-CAT-Lab/Graphectory/blob/application/data/SWE-agent/graphs/deepseek-v3/sphinx-doc__sphinx-8056/sphinx-doc__sphinx-8056.pdf,True,False,False,False,False
SWE-agent,deepseek-v3,unresolved,15 min - 1 hour,sphinx-doc__sphinx-9602,"L_13, P_1, L_1, P_3, L_1, P_113",https://github.com/Intelligent-CAT-Lab/Graphectory/blob/application/data/SWE-agent/graphs/deepseek-v3/sphinx-doc__sphinx-9602/sphinx-doc__sphinx-9602.pdf,False,True,False,False,True
SWE-agent,deepseek-v3,unresolved,15 min - 1 hour,sympy__sympy-16792,"L_7, P_1, V_1, L_1, V_2, L_3, P_1, V_3, L_2, V_2, L_2, V_2, L_2, V_2, L_2, V_2, L_2, V_4, L_2, V_2, L_2, V_2, L_2, V_2, L_2, V_2, L_2, V_2, L_2, V_2, L_2, V_2, L_2, V_2, L_2, V_2, L_2, V_2, L_2, V_2, L_2, V_2, L_2, V_2, L_2, V_2, L_2, V_2, L_2, V_2, L_1",https://github.com/Intelligent-CAT-Lab/Graphectory/blob/application/data/SWE-agent/graphs/deepseek-v3/sympy__sympy-16792/sympy__sympy-16792.pdf,False,False,True,False,True
SWE-agent,deepseek-v3,unresolved,15 min - 1 hour,sympy__sympy-17318,"L_17, P_1, V_2",https://github.com/Intelligent-CAT-Lab/Graphectory/blob/application/data/SWE-agent/graphs/deepseek-v3/sympy__sympy-17318/sympy__sympy-17318.pdf,True,False,False,False,False
SWE-agent,deepseek-v3,unresolved,15 min - 1 hour,sympy__sympy-21612,"L_5, P_1, V_3, L_1, V_6, L_2, P_1, V_81",https://github.com/Intelligent-CAT-Lab/Graphectory/blob/application/data/SWE-agent/graphs/deepseek-v3/sympy__sympy-21612/sympy__sympy-21612.pdf,False,False,True,False,True
SWE-agent,deepseek-v3,unresolved,<15 min fix,astropy__astropy-14995,"L_8, P_5, V_1, L_1, P_4, V_1, P_13, V_1, L_1, P_1, V_1, L_4, P_6, V_1, L_1, P_1, V_1, L_1, P_1, V_1, L_1, P_1, V_1, L_1, P_1, V_1, L_1, P_1, V_1, L_1, P_1",https://github.com/Intelligent-CAT-Lab/Graphectory/blob/application/data/SWE-agent/graphs/deepseek-v3/astropy__astropy-14995/astropy__astropy-14995.pdf,False,False,True,False,False
SWE-agent,deepseek-v3,unresolved,<15 min fix,django__django-10999,"L_6, P_1, V_1, L_1, P_1, V_1, P_1, V_1, P_1, V_1, P_1, V_1, P_1, V_1, P_1, V_1, P_1, V_1, P_1, V_1, P_1, V_1, P_1, V_1, P_1, V_1, P_1, V_1, P_1, V_1, P_1, V_1, P_1, V_1, P_1, V_1, P_1, V_1, P_1, V_1, P_1, V_1, P_1, V_1, P_1, V_1, P_1, V_1, P_1, V_1, P_1, V_1, P_1, V_1, P_1, V_1, P_1, V_1, P_1, V_1, P_1, V_1, P_1, V_1, P_1, V_1, P_1, V_1, P_1, V_1, P_1, V_1, P_1, V_1, P_1, V_1, P_1, V_1, P_1, V_1, P_1, V_1, P_1",https://github.com/Intelligent-CAT-Lab/Graphectory/blob/application/data/SWE-agent/graphs/deepseek-v3/django__django-10999/django__django-10999.pdf,False,False,True,False,False
SWE-agent,deepseek-v3,unresolved,<15 min fix,django__django-11964,"L_6, P_3, V_12, P_2, V_1, P_3, V_1, P_2, L_2, P_4, V_1, P_2, V_1",https://github.com/Intelligent-CAT-Lab/Graphectory/blob/application/data/SWE-agent/graphs/deepseek-v3/django__django-11964/django__django-11964.pdf,True,False,False,False,False
SWE-agent,deepseek-v3,unresolved,<15 min fix,django__django-14404,L_86,https://github.com/Intelligent-CAT-Lab/Graphectory/blob/application/data/SWE-agent/graphs/deepseek-v3/django__django-14404/django__django-14404.pdf,True,False,False,False,True
SWE-agent,deepseek-v3,unresolved,<15 min fix,django__django-14539,"L_5, P_1, V_3, P_2, V_1, P_4, V_1, P_2, L_1, P_1, V_1, P_3, L_1, P_1, V_1, P_3, L_1, P_1, V_1, P_3, L_1, P_1, V_1, P_3, L_1, P_1, V_1, P_3, L_1, P_1, V_1, P_3, L_1, P_1, V_1, P_3, L_1, P_1, V_1, P_3, L_1, P_1, V_1, P_3, L_1, P_1, V_1, P_3, L_1, P_1, V_1, P_3, L_1, P_1, V_1, P_3, L_1, P_1, V_1",https://github.com/Intelligent-CAT-Lab/Graphectory/blob/application/data/SWE-agent/graphs/deepseek-v3/django__django-14539/django__django-14539.pdf,False,False,True,False,False
SWE-agent,deepseek-v3,unresolved,<15 min fix,matplotlib__matplotlib-26208,"L_13, P_1, V_1, P_2, V_1, P_1, V_1, P_1, V_1, P_1, V_1, P_1, V_1, P_3, L_1, P_2, V_1, L_6, P_1, L_1, P_1, V_1, P_1, L_1, P_2, V_1, L_1, P_2, V_1, P_1, L_1, P_36",https://github.com/Intelligent-CAT-Lab/Graphectory/blob/application/data/SWE-agent/graphs/deepseek-v3/matplotlib__matplotlib-26208/matplotlib__matplotlib-26208.pdf,True,False,False,False,True
SWE-agent,deepseek-v3,unresolved,<15 min fix,sphinx-doc__sphinx-8459,"L_3, P_2, L_1, P_2, V_1, L_2, P_2, L_1, P_1, V_1, P_1, V_1, L_2, P_1, V_1, P_2, V_1, L_3, P_1, V_2, P_1, V_2, P_1, V_1",https://github.com/Intelligent-CAT-Lab/Graphectory/blob/application/data/SWE-agent/graphs/deepseek-v3/sphinx-doc__sphinx-8459/sphinx-doc__sphinx-8459.pdf,True,False,False,False,False
SWE-agent,deepseek-v3,unresolved,<15 min fix,sphinx-doc__sphinx-9230,L_64,https://github.com/Intelligent-CAT-Lab/Graphectory/blob/application/data/SWE-agent/graphs/deepseek-v3/sphinx-doc__sphinx-9230/sphinx-doc__sphinx-9230.pdf,False,False,True,False,False
SWE-agent,deepseek-v3,unresolved,<15 min fix,sympy__sympy-12481,"L_16, P_2, V_1, P_1, V_5, L_1, P_1, V_1, P_1, V_1, P_1, V_1, P_1, V_1, P_1, V_1, P_1, V_1, P_1, V_1, P_1, V_1, P_1, V_1, P_1, V_1, P_1, V_1, P_1, V_1, P_1, V_1, P_1, V_1, P_1, V_1, P_1, V_1, P_1, V_1, P_1, V_1, P_1, V_1, P_1, V_1, P_1, V_1, P_1, V_1, P_1, V_1, P_1, V_1, P_1, V_1, P_1, V_1, P_1, V_1, P_1, V_1, P_1, V_1, P_1, V_1, P_1, V_1",https://github.com/Intelligent-CAT-Lab/Graphectory/blob/application/data/SWE-agent/graphs/deepseek-v3/sympy__sympy-12481/sympy__sympy-12481.pdf,False,False,True,False,False
SWE-agent,deepseek-v3,unresolved,<15 min fix,sympy__sympy-18189,"L_6, P_1, V_1, P_2, V_1, P_1, V_1, P_1, V_1, P_23, L_1",https://github.com/Intelligent-CAT-Lab/Graphectory/blob/application/data/SWE-agent/graphs/deepseek-v3/sympy__sympy-18189/sympy__sympy-18189.pdf,True,False,False,False,True
SWE-agent,deepseek-v3,unresolved,<15 min fix,sympy__sympy-19495,"L_14, P_2, V_1, P_1, V_1, P_2, V_1, P_1, V_1, L_1, P_1, V_1, P_1, V_1, P_1, V_1, P_1, V_1, P_1, V_1, P_1, V_1, P_1, V_1, P_1, V_1, P_1, V_1, P_1, V_1, P_1, V_1, P_1, V_1, P_1, V_1, P_1, V_1, P_1, V_1, P_1, V_1, P_1, V_1, P_1, V_1, P_1, V_1, P_1, V_1, P_1, V_1, P_1, V_1, P_1, V_1, P_1, V_1, P_1, V_1, P_1, V_1, P_1, V_1, P_1, V_1, P_1, V_1, P_1, V_1, P_1, V_1, P_1, V_1, P_1, V_1, P_1, V_1, P_1, V_1, P_1, V_1, P_1, V_1, P_1, V_1, P_1, V_1, P_1, V_1, P_1, V_1, P_1, V_1, P_1, V_1, P_1, V_1, P_1, V_1, P_1, V_1, P_1, V_1, P_1, V_1, P_1, V_1, P_1, V_1, P_1, V_1, P_1, V_1, P_1, V_1, P_1, V_1, P_1, V_1, P_1, V_1, P_1, V_1, P_1, V_1, P_1, V_1",https://github.com/Intelligent-CAT-Lab/Graphectory/blob/application/data/SWE-agent/graphs/deepseek-v3/sympy__sympy-19495/sympy__sympy-19495.pdf,False,False,True,False,True
SWE-agent,deepseek-v3,unresolved,<15 min fix,sympy__sympy-23534,"L_6, P_1, V_1, P_1, V_1, L_1, P_1, V_1, L_1, P_1, V_1, L_1, P_1, V_1, L_1, P_1, V_1, L_1, P_1, V_1, L_1, P_1, V_1, L_1, P_1, V_1, L_1, P_1, V_1, L_1, P_1, V_1, L_1, P_1, V_1, L_1, P_1, V_1, L_1, P_1, V_1, L_1, P_1, V_1, L_1, P_1, V_1, L_1, P_1, V_1, L_1, P_1, V_1, L_1, P_1, V_1, L_1, P_1, V_1, L_1, P_1",https://github.com/Intelligent-CAT-Lab/Graphectory/blob/application/data/SWE-agent/graphs/deepseek-v3/sympy__sympy-23534/sympy__sympy-23534.pdf,False,False,True,False,False
SWE-agent,devstral-small,resolved,15 min - 1 hour,astropy__astropy-13453,"L_6, P_1, V_1, L_2, P_2, L_2, P_1, V_1, L_2, P_1, V_1, P_1, V_3",https://github.com/Intelligent-CAT-Lab/Graphectory/blob/application/data/SWE-agent/graphs/devstral-small/astropy__astropy-13453/astropy__astropy-13453.pdf,True,False,False,False,False
SWE-agent,devstral-small,resolved,15 min - 1 hour,django__django-10973,"L_5, P_5, L_1, P_1, V_1",https://github.com/Intelligent-CAT-Lab/Graphectory/blob/application/data/SWE-agent/graphs/devstral-small/django__django-10973/django__django-10973.pdf,True,False,False,False,False
SWE-agent,devstral-small,resolved,15 min - 1 hour,django__django-12143,"L_6, P_1, V_2, P_1, V_2, P_1, V_2, P_1, V_2, P_1, V_2, P_1, V_2, P_1, V_2, P_1, V_2, P_1, V_2, P_1, V_2, P_1, V_2, P_1, V_2, P_1, V_2, P_1, V_2, P_1, V_2, P_1, V_2, P_1, V_2, P_1, V_2, P_1, V_2, P_1, V_2, P_1, V_2, P_1, V_2, P_1, V_2, P_1, V_2, P_1, V_1",https://github.com/Intelligent-CAT-Lab/Graphectory/blob/application/data/SWE-agent/graphs/devstral-small/django__django-12143/django__django-12143.pdf,False,False,True,False,False
SWE-agent,devstral-small,resolved,15 min - 1 hour,django__django-13279,"L_19, P_2, L_1, P_1, V_3, P_1, V_1, P_1, V_1, P_1, V_1",https://github.com/Intelligent-CAT-Lab/Graphectory/blob/application/data/SWE-agent/graphs/devstral-small/django__django-13279/django__django-13279.pdf,True,False,False,False,False
SWE-agent,devstral-small,resolved,15 min - 1 hour,django__django-13810,"L_4, P_3, V_17, P_1, V_1, L_1, P_2, V_1, P_1, V_4, P_1, V_1, P_5, V_1, P_1, V_3, P_1, V_1, P_2, V_1, P_40",https://github.com/Intelligent-CAT-Lab/Graphectory/blob/application/data/SWE-agent/graphs/devstral-small/django__django-13810/django__django-13810.pdf,False,False,True,False,False
SWE-agent,devstral-small,resolved,15 min - 1 hour,django__django-14351,"L_7, P_1, V_2, P_5, L_1, P_1, V_17, L_2, P_1, V_1, P_1, V_1, L_5, P_1, V_1, P_1, V_1, L_4, P_1, V_1, L_4, P_1, V_1, L_4, P_1, V_1",https://github.com/Intelligent-CAT-Lab/Graphectory/blob/application/data/SWE-agent/graphs/devstral-small/django__django-14351/django__django-14351.pdf,False,True,False,False,False
SWE-agent,devstral-small,resolved,15 min - 1 hour,django__django-16901,"L_20, P_1, V_1, P_144",https://github.com/Intelligent-CAT-Lab/Graphectory/blob/application/data/SWE-agent/graphs/devstral-small/django__django-16901/django__django-16901.pdf,True,False,False,False,True
SWE-agent,devstral-small,resolved,15 min - 1 hour,pydata__xarray-3305,"L_11, P_2, L_1, P_2, V_1, P_2, L_2, V_1, L_1, P_1, V_1, P_1, L_1, P_3, V_1, L_1, P_1, V_1, P_1, V_1, P_1, L_1, P_1, V_9",https://github.com/Intelligent-CAT-Lab/Graphectory/blob/application/data/SWE-agent/graphs/devstral-small/pydata__xarray-3305/pydata__xarray-3305.pdf,True,False,False,False,False
SWE-agent,devstral-small,resolved,15 min - 1 hour,pydata__xarray-7233,"L_9, P_1, V_1, P_1, V_1, P_1, V_1, P_1, V_1, P_1, V_1, P_1, V_1, P_1, V_1, L_7, P_1, V_1, P_2, L_1, P_1, V_1, P_1, V_1, P_12",https://github.com/Intelligent-CAT-Lab/Graphectory/blob/application/data/SWE-agent/graphs/devstral-small/pydata__xarray-7233/pydata__xarray-7233.pdf,True,True,False,False,False
SWE-agent,devstral-small,resolved,15 min - 1 hour,pytest-dev__pytest-7236,"L_9, P_1, V_10, L_3, P_1, V_8, L_2, P_1, V_1, L_2, P_2, V_1, L_2, P_1, V_2",https://github.com/Intelligent-CAT-Lab/Graphectory/blob/application/data/SWE-agent/graphs/devstral-small/pytest-dev__pytest-7236/pytest-dev__pytest-7236.pdf,False,True,False,False,False
SWE-agent,devstral-small,resolved,<15 min fix,django__django-11099,"L_6, P_2, L_1, P_1, L_1, P_2, V_1",https://github.com/Intelligent-CAT-Lab/Graphectory/blob/application/data/SWE-agent/graphs/devstral-small/django__django-11099/django__django-11099.pdf,True,False,False,False,False
SWE-agent,devstral-small,resolved,<15 min fix,django__django-11119,"L_18, P_1, V_6, L_1, P_1, V_8, L_1, P_1, V_8, L_1, P_1, V_8, L_1, P_1, V_8, L_1, P_1, V_8, L_1, P_1, V_8, L_1, P_1, V_8, L_1, P_1, V_8, L_1, P_1, V_8, L_1, P_1, V_8, L_1, P_1, V_8, L_1, P_1, V_1",https://github.com/Intelligent-CAT-Lab/Graphectory/blob/application/data/SWE-agent/graphs/devstral-small/django__django-11119/django__django-11119.pdf,False,False,True,False,True
SWE-agent,devstral-small,resolved,<15 min fix,django__django-13089,"L_17, P_1, V_9, P_1, V_3, P_1, V_7, P_1, V_5, P_2, V_2, P_1, V_2, P_1, V_1",https://github.com/Intelligent-CAT-Lab/Graphectory/blob/application/data/SWE-agent/graphs/devstral-small/django__django-13089/django__django-13089.pdf,True,False,False,False,False
SWE-agent,devstral-small,resolved,<15 min fix,pydata__xarray-4356,"L_3, P_1, V_3, P_1, V_1, P_1, V_1, P_1, V_1, P_1, V_1, P_1, V_1, P_2, V_1, P_1, V_1, P_28",https://github.com/Intelligent-CAT-Lab/Graphectory/blob/application/data/SWE-agent/graphs/devstral-small/pydata__xarray-4356/pydata__xarray-4356.pdf,True,False,False,False,True
SWE-agent,devstral-small,resolved,<15 min fix,pytest-dev__pytest-6202,"L_4, P_1, V_1, P_1, V_2",https://github.com/Intelligent-CAT-Lab/Graphectory/blob/application/data/SWE-agent/graphs/devstral-small/pytest-dev__pytest-6202/pytest-dev__pytest-6202.pdf,False,True,False,False,False
SWE-agent,devstral-small,unresolved,1-4 hours,astropy__astropy-14369,"L_8, P_1, V_4, P_1, V_1, P_11, V_1, P_1, V_1, P_1, V_1, P_1, V_1, P_3, V_1, P_2, V_1, P_2, V_1, P_2, V_1, P_3, V_1, P_2, V_1, P_2, V_1, P_2, V_1, P_2, V_1, P_2, V_1, P_2, V_1, P_2, V_1, P_2, V_1, P_1",https://github.com/Intelligent-CAT-Lab/Graphectory/blob/application/data/SWE-agent/graphs/devstral-small/astropy__astropy-14369/astropy__astropy-14369.pdf,True,False,True,False,False
SWE-agent,devstral-small,unresolved,1-4 hours,django__django-11400,"L_18, P_1, V_119",https://github.com/Intelligent-CAT-Lab/Graphectory/blob/application/data/SWE-agent/graphs/devstral-small/django__django-11400/django__django-11400.pdf,False,False,False,True,True
SWE-agent,devstral-small,unresolved,1-4 hours,django__django-13344,"L_27, P_2, L_1, P_2, V_1",https://github.com/Intelligent-CAT-Lab/Graphectory/blob/application/data/SWE-agent/graphs/devstral-small/django__django-13344/django__django-13344.pdf,True,False,False,False,False
SWE-agent,devstral-small,unresolved,1-4 hours,django__django-15128,"L_25, P_3, V_95",https://github.com/Intelligent-CAT-Lab/Graphectory/blob/application/data/SWE-agent/graphs/devstral-small/django__django-15128/django__django-15128.pdf,False,False,True,False,True
SWE-agent,devstral-small,unresolved,1-4 hours,django__django-15268,"L_7, P_1, V_2, P_1, V_1, P_1, V_1, P_1, V_1, P_1, V_1, P_1, V_1, P_1, V_1, P_1, V_1, P_2, L_36",https://github.com/Intelligent-CAT-Lab/Graphectory/blob/application/data/SWE-agent/graphs/devstral-small/django__django-15268/django__django-15268.pdf,True,False,False,False,True
SWE-agent,devstral-small,unresolved,1-4 hours,django__django-16263,"L_15, P_2, V_2, P_1, V_1, L_3, P_1, V_1, L_4, P_1, V_1, L_2, P_1, V_1, L_1, P_1, V_1, L_1, P_1, V_1, P_1, V_1, P_1, V_1, P_1, V_1, L_64",https://github.com/Intelligent-CAT-Lab/Graphectory/blob/application/data/SWE-agent/graphs/devstral-small/django__django-16263/django__django-16263.pdf,True,False,False,False,True
SWE-agent,devstral-small,unresolved,1-4 hours,pylint-dev__pylint-4551,"L_4, P_1, V_2, P_3, L_1, P_2, V_1, P_1, V_1, L_3, P_1, V_1, L_1, P_1, V_1, L_1, P_2, V_1, L_1, P_1, V_1, L_1, P_3, V_1, L_1, P_3, V_1, L_1, P_2, V_1, L_1, P_1, V_1, L_1, P_1, V_1, L_1, P_1, V_1, L_1, P_1, V_1, L_1, P_1, V_1, L_1, P_1, V_1, L_1, P_1, V_1, L_1, P_1, V_1, L_1, P_1, V_1, L_1, P_2, V_1, L_1, P_1, V_1, L_1, P_2, V_1, L_1, P_1, V_1, L_1, P_1, V_1, L_1, P_1, V_1, L_1, P_1",https://github.com/Intelligent-CAT-Lab/Graphectory/blob/application/data/SWE-agent/graphs/devstral-small/pylint-dev__pylint-4551/pylint-dev__pylint-4551.pdf,True,False,False,False,False
SWE-agent,devstral-small,unresolved,1-4 hours,pylint-dev__pylint-8898,"L_2, P_2, L_1, P_1, V_1, L_3, P_1, V_1, P_1, L_1, P_1, V_1, P_89",https://github.com/Intelligent-CAT-Lab/Graphectory/blob/application/data/SWE-agent/graphs/devstral-small/pylint-dev__pylint-8898/pylint-dev__pylint-8898.pdf,True,False,False,False,True
SWE-agent,devstral-small,unresolved,1-4 hours,sympy__sympy-14248,"L_13, P_3, V_1, P_1, L_4, P_1, L_1, P_1, V_1, P_1, V_1, P_1, V_1, P_1, V_1, P_1, V_1, P_1, V_1, P_1, V_1, P_1, V_1, P_1, V_1, P_49",https://github.com/Intelligent-CAT-Lab/Graphectory/blob/application/data/SWE-agent/graphs/devstral-small/sympy__sympy-14248/sympy__sympy-14248.pdf,True,False,False,False,True
SWE-agent,devstral-small,unresolved,15 min - 1 hour,astropy__astropy-14182,"L_6, P_1, V_1, P_1, V_1, P_1, V_1, P_1, V_1, P_1, V_1, P_1, V_1, P_1, V_1, P_1, V_1, P_1, V_1, P_26",https://github.com/Intelligent-CAT-Lab/Graphectory/blob/application/data/SWE-agent/graphs/devstral-small/astropy__astropy-14182/astropy__astropy-14182.pdf,True,False,False,False,True
SWE-agent,devstral-small,unresolved,15 min - 1 hour,astropy__astropy-14598,"L_6, P_1, V_1, P_1, V_1, L_2, P_2, V_1, P_2, V_1, P_1, V_1, P_1, V_1, P_1, V_1, P_29",https://github.com/Intelligent-CAT-Lab/Graphectory/blob/application/data/SWE-agent/graphs/devstral-small/astropy__astropy-14598/astropy__astropy-14598.pdf,True,False,False,False,True
SWE-agent,devstral-small,unresolved,15 min - 1 hour,django__django-11087,"L_8, P_1, V_3, P_1, V_73",https://github.com/Intelligent-CAT-Lab/Graphectory/blob/application/data/SWE-agent/graphs/devstral-small/django__django-11087/django__django-11087.pdf,False,False,True,False,True
SWE-agent,devstral-small,unresolved,15 min - 1 hour,django__django-11728,"L_7, P_177",https://github.com/Intelligent-CAT-Lab/Graphectory/blob/application/data/SWE-agent/graphs/devstral-small/django__django-11728/django__django-11728.pdf,True,False,False,False,True
SWE-agent,devstral-small,unresolved,15 min - 1 hour,django__django-11749,"L_11, P_3, V_5, P_1, V_1, P_4, V_3, P_1, V_13, P_2, L_1, V_3, P_1, V_15",https://github.com/Intelligent-CAT-Lab/Graphectory/blob/application/data/SWE-agent/graphs/devstral-small/django__django-11749/django__django-11749.pdf,True,True,False,False,False
SWE-agent,devstral-small,unresolved,15 min - 1 hour,django__django-12262,"L_8, P_1, V_3, P_2, V_43",https://github.com/Intelligent-CAT-Lab/Graphectory/blob/application/data/SWE-agent/graphs/devstral-small/django__django-12262/django__django-12262.pdf,False,False,True,False,False
SWE-agent,devstral-small,unresolved,15 min - 1 hour,django__django-12273,"L_27, P_4, V_2, P_1, V_1, P_479",https://github.com/Intelligent-CAT-Lab/Graphectory/blob/application/data/SWE-agent/graphs/devstral-small/django__django-12273/django__django-12273.pdf,True,False,False,False,True
SWE-agent,devstral-small,unresolved,15 min - 1 hour,django__django-12713,"L_14, P_1, V_2, P_1, V_1, P_3, V_9, P_2, L_1, P_4, V_1, P_2, V_1, L_1, P_2, V_1",https://github.com/Intelligent-CAT-Lab/Graphectory/blob/application/data/SWE-agent/graphs/devstral-small/django__django-12713/django__django-12713.pdf,True,False,False,False,False
SWE-agent,devstral-small,unresolved,15 min - 1 hour,django__django-13346,"L_7, P_1, V_11, P_1, V_1, P_1, V_1, P_1, V_1, P_1, V_1, P_1, V_1, P_1, V_1, P_1, V_1, P_1, V_1, P_1, V_1, P_1, V_1, P_1, V_1, P_1, V_1, P_1, V_1, P_1, V_1, P_1, V_1, P_1, V_1, P_1, V_1, P_1, V_1, P_1, V_1, P_1, V_1, P_1, V_1, P_1, V_1, P_1, V_1, P_1, V_1, P_1, V_1, P_1, V_1, P_1, V_1, P_1, V_1, P_1, V_1, P_1, V_1, P_1, V_1, P_1, V_1, P_1, V_1, P_1, V_1, P_1, V_1, P_1, V_1, P_1, V_1, P_1, V_1, P_1, V_1, P_1, V_1, P_1, V_1, P_1, V_1",https://github.com/Intelligent-CAT-Lab/Graphectory/blob/application/data/SWE-agent/graphs/devstral-small/django__django-13346/django__django-13346.pdf,False,False,True,True,False
SWE-agent,devstral-small,unresolved,15 min - 1 hour,django__django-13568,"L_20, P_1, V_18, L_1, P_2, V_5, P_1, V_1, P_5, V_2, P_1, V_1, P_3, V_5, P_1, V_5, P_1, V_18",https://github.com/Intelligent-CAT-Lab/Graphectory/blob/application/data/SWE-agent/graphs/devstral-small/django__django-13568/django__django-13568.pdf,True,False,False,False,False
SWE-agent,devstral-small,unresolved,15 min - 1 hour,django__django-14122,"L_22, P_3, V_2, P_1, V_1, P_1, V_1, P_1, L_4, P_3, V_1, P_1, L_41",https://github.com/Intelligent-CAT-Lab/Graphectory/blob/application/data/SWE-agent/graphs/devstral-small/django__django-14122/django__django-14122.pdf,True,False,False,False,True
SWE-agent,devstral-small,unresolved,15 min - 1 hour,django__django-14311,"L_5, P_1, V_2, P_1, V_1, P_1, V_1, P_1, V_1, P_1, V_1, P_1, V_1, P_19",https://github.com/Intelligent-CAT-Lab/Graphectory/blob/application/data/SWE-agent/graphs/devstral-small/django__django-14311/django__django-14311.pdf,True,False,False,False,False
SWE-agent,devstral-small,unresolved,15 min - 1 hour,django__django-14500,L_104,https://github.com/Intelligent-CAT-Lab/Graphectory/blob/application/data/SWE-agent/graphs/devstral-small/django__django-14500/django__django-14500.pdf,False,False,True,False,False
SWE-agent,devstral-small,unresolved,15 min - 1 hour,django__django-15037,"L_14, P_1, V_1, P_1, V_1, P_3, L_1, P_1, L_1, P_2, V_1, P_2, V_1, P_1, V_1, P_1, V_1, P_1, V_1, P_1, V_1, P_1, V_1, P_1, V_1, P_1, V_1, P_1, V_1, P_1",https://github.com/Intelligent-CAT-Lab/Graphectory/blob/application/data/SWE-agent/graphs/devstral-small/django__django-15037/django__django-15037.pdf,True,False,True,False,False
SWE-agent,devstral-small,unresolved,15 min - 1 hour,django__django-15278,"L_27, P_1, V_1, P_2, V_1, P_1, V_3, P_1, V_67",https://github.com/Intelligent-CAT-Lab/Graphectory/blob/application/data/SWE-agent/graphs/devstral-small/django__django-15278/django__django-15278.pdf,False,False,True,False,False
SWE-agent,devstral-small,unresolved,15 min - 1 hour,django__django-15525,"L_9, P_3, V_7, P_1, V_3, P_1, V_3, P_4, V_3, P_2, V_1, P_1, V_1, P_1, V_3, P_2, V_1, P_2, V_1, P_4",https://github.com/Intelligent-CAT-Lab/Graphectory/blob/application/data/SWE-agent/graphs/devstral-small/django__django-15525/django__django-15525.pdf,False,True,False,False,False
SWE-agent,devstral-small,unresolved,15 min - 1 hour,django__django-15554,"L_22, P_11, V_2, P_1, V_1, P_1, V_4, L_3, P_1, V_35",https://github.com/Intelligent-CAT-Lab/Graphectory/blob/application/data/SWE-agent/graphs/devstral-small/django__django-15554/django__django-15554.pdf,False,False,True,False,False
SWE-agent,devstral-small,unresolved,15 min - 1 hour,django__django-16082,L_205,https://github.com/Intelligent-CAT-Lab/Graphectory/blob/application/data/SWE-agent/graphs/devstral-small/django__django-16082/django__django-16082.pdf,True,False,False,False,True
SWE-agent,devstral-small,unresolved,15 min - 1 hour,django__django-16950,L_103,https://github.com/Intelligent-CAT-Lab/Graphectory/blob/application/data/SWE-agent/graphs/devstral-small/django__django-16950/django__django-16950.pdf,False,True,False,False,True
SWE-agent,devstral-small,unresolved,15 min - 1 hour,pydata__xarray-6599,"L_7, P_1, V_1, L_2, P_1, V_1, L_1, P_1, V_1, P_3, V_1, P_1, V_1, P_1, V_1, P_1, V_1, P_1, V_1, P_2, V_1, P_1, V_1, P_2, V_1, P_1, V_1, P_1, V_1, P_1, V_1, P_1, V_1, P_1, V_1, P_1, V_1, P_2, L_3, P_1, V_1, P_1, V_1, P_1, L_2, P_1, L_2, P_1, L_1, P_1",https://github.com/Intelligent-CAT-Lab/Graphectory/blob/application/data/SWE-agent/graphs/devstral-small/pydata__xarray-6599/pydata__xarray-6599.pdf,True,True,False,False,False
SWE-agent,devstral-small,unresolved,15 min - 1 hour,pylint-dev__pylint-6528,"L_14, P_2, V_1, P_2, V_1, L_4, P_2, V_1, P_3, V_1, P_1, V_1, L_2, P_1, V_1, P_1, V_1, L_3, P_2, L_1, P_2, V_1, L_8, P_2, V_1, L_5, P_2, V_1, L_1",https://github.com/Intelligent-CAT-Lab/Graphectory/blob/application/data/SWE-agent/graphs/devstral-small/pylint-dev__pylint-6528/pylint-dev__pylint-6528.pdf,True,False,False,False,False
SWE-agent,devstral-small,unresolved,15 min - 1 hour,pytest-dev__pytest-10051,L_114,https://github.com/Intelligent-CAT-Lab/Graphectory/blob/application/data/SWE-agent/graphs/devstral-small/pytest-dev__pytest-10051/pytest-dev__pytest-10051.pdf,True,False,False,False,True
SWE-agent,devstral-small,unresolved,15 min - 1 hour,pytest-dev__pytest-7324,"L_7, P_1, V_2, P_1, V_1, P_1, V_1, P_1, V_1, P_2, V_1, P_1, V_1, P_1, V_1, P_1, V_3, P_1, V_1, P_1, V_1, P_1, V_1, P_1, V_1, P_1, V_1, P_1, V_1, P_1, V_1, P_1, V_1, P_1, V_1, P_1, V_1, P_1, V_1, P_1, V_1, P_1, V_1, P_1, V_1, P_1, V_1, P_1, V_1, P_1, V_1, P_1, V_1, P_1, V_1, P_1, V_1, P_1, V_1, P_1, V_1, P_1, V_1, P_1, V_1, P_1, V_1, P_1, V_1, P_1, V_1, P_1, V_1, P_1, V_1, P_1, V_1, P_1, V_1, P_1, V_1, P_1, V_1, P_1",https://github.com/Intelligent-CAT-Lab/Graphectory/blob/application/data/SWE-agent/graphs/devstral-small/pytest-dev__pytest-7324/pytest-dev__pytest-7324.pdf,False,False,True,False,False
SWE-agent,devstral-small,unresolved,15 min - 1 hour,sphinx-doc__sphinx-11445,"L_7, P_1, V_3, P_1, V_1, L_2, P_1, V_1, L_2, P_1, L_2, V_1, P_1, V_1, L_3, P_1, L_3, P_1, L_3, P_1",https://github.com/Intelligent-CAT-Lab/Graphectory/blob/application/data/SWE-agent/graphs/devstral-small/sphinx-doc__sphinx-11445/sphinx-doc__sphinx-11445.pdf,False,False,True,False,False
SWE-agent,devstral-small,unresolved,15 min - 1 hour,sphinx-doc__sphinx-7985,"L_12, P_2, V_8, P_1, V_1, P_50",https://github.com/Intelligent-CAT-Lab/Graphectory/blob/application/data/SWE-agent/graphs/devstral-small/sphinx-doc__sphinx-7985/sphinx-doc__sphinx-7985.pdf,True,False,False,False,True
SWE-agent,devstral-small,unresolved,15 min - 1 hour,sphinx-doc__sphinx-8120,"L_7, P_1, V_3, L_4, P_2, L_4, P_1, V_1, L_2, P_1, V_1, L_6, V_2, L_1, P_2, V_1, L_1, P_1, V_1, L_1, P_1, V_1, L_1, P_1, V_1, L_1, P_1, V_1, P_1, V_3, L_1, P_1, V_1, P_1, V_3, P_1, V_1, P_1, V_1, P_1",https://github.com/Intelligent-CAT-Lab/Graphectory/blob/application/data/SWE-agent/graphs/devstral-small/sphinx-doc__sphinx-8120/sphinx-doc__sphinx-8120.pdf,True,False,False,False,False
SWE-agent,devstral-small,unresolved,15 min - 1 hour,sphinx-doc__sphinx-8265,"L_18, P_1, V_1, P_2, L_1, P_1, L_262",https://github.com/Intelligent-CAT-Lab/Graphectory/blob/application/data/SWE-agent/graphs/devstral-small/sphinx-doc__sphinx-8265/sphinx-doc__sphinx-8265.pdf,False,False,True,False,True
SWE-agent,devstral-small,unresolved,15 min - 1 hour,sphinx-doc__sphinx-8593,"L_8, P_3, L_8, P_1, L_11, P_41",https://github.com/Intelligent-CAT-Lab/Graphectory/blob/application/data/SWE-agent/graphs/devstral-small/sphinx-doc__sphinx-8593/sphinx-doc__sphinx-8593.pdf,True,False,False,False,True
SWE-agent,devstral-small,unresolved,15 min - 1 hour,sympy__sympy-12419,"L_8, P_2, V_1, L_4, P_3, L_3, P_2, V_1, L_1, P_2, V_1, L_45",https://github.com/Intelligent-CAT-Lab/Graphectory/blob/application/data/SWE-agent/graphs/devstral-small/sympy__sympy-12419/sympy__sympy-12419.pdf,False,False,True,False,False
SWE-agent,devstral-small,unresolved,15 min - 1 hour,sympy__sympy-13551,L_115,https://github.com/Intelligent-CAT-Lab/Graphectory/blob/application/data/SWE-agent/graphs/devstral-small/sympy__sympy-13551/sympy__sympy-13551.pdf,True,True,False,False,True
SWE-agent,devstral-small,unresolved,15 min - 1 hour,sympy__sympy-13757,"L_12, P_1, V_1, P_1, V_1, L_5, P_3, V_1, L_8, P_5, V_1, L_38",https://github.com/Intelligent-CAT-Lab/Graphectory/blob/application/data/SWE-agent/graphs/devstral-small/sympy__sympy-13757/sympy__sympy-13757.pdf,False,False,True,False,False
SWE-agent,devstral-small,unresolved,15 min - 1 hour,sympy__sympy-16792,"L_18, P_1, L_1, V_5, L_2, P_1, V_1, P_1, L_1, P_1, V_5, L_1, V_2, P_1, L_53",https://github.com/Intelligent-CAT-Lab/Graphectory/blob/application/data/SWE-agent/graphs/devstral-small/sympy__sympy-16792/sympy__sympy-16792.pdf,True,False,False,False,True
SWE-agent,devstral-small,unresolved,15 min - 1 hour,sympy__sympy-17318,"L_7, P_1, V_1, P_1, L_1, P_1, V_1, L_2, P_1, V_1, L_1, P_1, V_1, L_1, P_1, V_1, L_1, P_1, V_1, L_1, P_1, V_1, L_1, P_1, V_1, L_1, P_1, V_1, L_1, P_1, V_1, L_1, P_1, V_1, P_1, V_1, P_1, V_1, L_1, P_1, L_2, P_1, V_1, L_1, P_1, V_1, L_1, P_1, V_1, L_1, P_1, V_1, L_1, P_1, V_1, L_1, P_1, V_1, L_1, P_1, V_1, L_1, P_1, V_1, L_1, P_1, V_1, L_1, P_1, L_1, P_2, V_1, L_1, P_1, L_1, P_1, V_1, L_1, P_1, V_1, L_1, P_1, V_1, L_1, P_1, V_1, L_1, P_1, V_1, L_1, P_1, V_1, L_1, P_1, V_1, L_1, P_1, V_1, L_1, P_1, V_1, L_1, P_1, V_1, L_1, P_1, V_1, L_1, P_1, V_1, L_1, P_1, V_1, L_1, P_1",https://github.com/Intelligent-CAT-Lab/Graphectory/blob/application/data/SWE-agent/graphs/devstral-small/sympy__sympy-17318/sympy__sympy-17318.pdf,False,False,True,False,False
SWE-agent,devstral-small,unresolved,15 min - 1 hour,sympy__sympy-19040,"L_32, P_1, V_1, L_1, P_1, V_1, L_2, P_1, V_1, L_1, P_1, V_1, L_1, P_1, V_1, L_2, P_1, V_1, L_1, P_1, V_1, L_1, P_1, V_1, L_1, P_2, V_1, L_1, P_1, V_1, L_1, P_1, V_1, L_1, P_1, V_1, L_1, P_1, V_1, L_1, P_1, V_1, L_1, P_1, V_1, L_1, P_1, V_1, L_1, P_1, V_1, L_1, P_1, V_1, L_1, P_1, V_1, L_1, P_1, V_1, L_1, P_1, V_1, L_1, P_1, V_1, L_1, P_1, V_1, L_1, P_1, V_1, L_1, P_1, V_1, L_1, P_1, V_1, L_1, P_1, V_1, L_1, P_1, V_1, L_1, P_1, V_1, L_1, P_1, V_1, L_1, P_1, V_1, L_1, P_1, V_1, L_1, P_1, V_1, L_1, P_1, V_1, L_1, P_1, V_1, L_1, P_1, V_1, L_1, P_1, V_1, L_1, P_1, V_1, L_1, P_1, V_1, L_1, P_1, V_1, L_1, P_1, V_1, L_1, P_1, V_1, L_1, P_1, V_1, L_1, P_1, V_1, L_1, P_1, V_1, L_1, P_1, V_1, L_1, P_1, V_1, L_1, P_1, V_1, L_1, P_1, V_1, L_1, P_1, V_1, L_1, P_1, V_1, L_1, P_1, V_1, L_1, P_1, V_1, L_1, P_1, V_1, L_1, P_1, V_1, L_1, P_1, V_1, L_1, P_1, V_1, L_1, P_1, V_1, L_1, P_1, V_1, L_1, P_1, V_1, L_1, P_1, V_1, L_1, P_1, V_1, L_1, P_1",https://github.com/Intelligent-CAT-Lab/Graphectory/blob/application/data/SWE-agent/graphs/devstral-small/sympy__sympy-19040/sympy__sympy-19040.pdf,False,False,False,True,True
SWE-agent,devstral-small,unresolved,15 min - 1 hour,sympy__sympy-19346,"L_4, P_2, L_1, P_2, V_1, P_1, V_1, P_4, V_1, P_1, L_1, P_1, V_1, P_3, V_1, P_2, V_1, P_3, V_1, P_4, V_1, P_4, V_1, P_4, V_1, P_4, V_1, P_4, V_1, P_4, V_1, P_4, V_1, P_4, V_1, P_4, V_1, P_4, V_1, P_4, V_1, P_4, V_1, P_4, V_1, P_4, V_1, P_4, V_1, P_4, V_1, P_4, V_1, P_4, V_1, P_4, V_1, P_4, V_1, P_4, V_1, P_4, V_1, P_4, V_1, P_4, V_1, P_4, V_1, P_4, V_1, P_4, V_1, P_4, V_1, P_4, V_1, P_4, V_1, P_4, V_1, P_4, V_1, P_4, V_1, P_4, V_1, P_4, V_1, P_1",https://github.com/Intelligent-CAT-Lab/Graphectory/blob/application/data/SWE-agent/graphs/devstral-small/sympy__sympy-19346/sympy__sympy-19346.pdf,False,False,True,False,True
SWE-agent,devstral-small,unresolved,15 min - 1 hour,sympy__sympy-19783,L_697,https://github.com/Intelligent-CAT-Lab/Graphectory/blob/application/data/SWE-agent/graphs/devstral-small/sympy__sympy-19783/sympy__sympy-19783.pdf,True,False,False,False,True
SWE-agent,devstral-small,unresolved,15 min - 1 hour,sympy__sympy-20428,"L_9, P_1, V_1, P_1, V_1, L_1, P_2, V_1, P_1, V_1, P_1, V_1, L_3, P_1, V_1, P_1, V_1, L_5, P_1, V_1, L_4, P_1, V_1, L_3, P_1, V_1, L_2, P_1, V_1, P_1, V_1, P_1, V_1, P_1, V_1, L_2, P_1, V_1, P_1, V_1, P_1, V_1, P_1, V_1, P_1, V_1, P_1, V_1, L_4, P_1, V_1, L_5, P_1, V_1, P_2, L_3, P_1, V_1, P_1, L_1, P_1, V_1, P_1, L_1, P_1, V_1, P_1, L_1, P_1, V_1, L_4, P_1, L_5, P_1, V_1, P_1, L_5, P_1, V_1, P_1, V_1, L_4, P_1, L_3",https://github.com/Intelligent-CAT-Lab/Graphectory/blob/application/data/SWE-agent/graphs/devstral-small/sympy__sympy-20428/sympy__sympy-20428.pdf,True,False,False,False,False
SWE-agent,devstral-small,unresolved,15 min - 1 hour,sympy__sympy-20590,"L_17, P_1, V_1, P_2, V_1, P_2, V_1, P_3, V_1, P_5, V_1, P_4, V_1, P_257",https://github.com/Intelligent-CAT-Lab/Graphectory/blob/application/data/SWE-agent/graphs/devstral-small/sympy__sympy-20590/sympy__sympy-20590.pdf,False,True,False,False,True
SWE-agent,devstral-small,unresolved,15 min - 1 hour,sympy__sympy-23413,"L_8, P_1, V_1, P_1, V_1, P_1, V_1, P_1, V_1, P_1, V_1, P_1, V_1, P_1, V_1, P_1, V_1, P_1, V_1, P_1, V_1, P_1, V_1, P_1, V_1, P_1, V_1, P_1, V_1, P_1, V_1, P_1, V_1, P_1, V_1, P_1, V_1, P_1, V_1, P_1, V_1, P_1, V_1, P_1, V_1, P_1, V_1, P_1, V_1, P_1, V_1, P_1, V_1, P_1, V_1, P_1, V_1, P_1, V_1, P_1, V_1, P_1",https://github.com/Intelligent-CAT-Lab/Graphectory/blob/application/data/SWE-agent/graphs/devstral-small/sympy__sympy-23413/sympy__sympy-23413.pdf,False,False,True,False,False
SWE-agent,devstral-small,unresolved,15 min - 1 hour,sympy__sympy-23824,"L_13, P_1, V_1, P_1, V_1, P_1, V_3, P_1, V_1, P_2, L_1, P_2, V_1, P_1, V_1",https://github.com/Intelligent-CAT-Lab/Graphectory/blob/application/data/SWE-agent/graphs/devstral-small/sympy__sympy-23824/sympy__sympy-23824.pdf,True,False,False,False,False
SWE-agent,devstral-small,unresolved,15 min - 1 hour,sympy__sympy-24661,"L_11, P_1, V_1, P_1, V_1, L_5, P_2, V_1, P_2, V_1, P_1, V_1, P_1, V_3, P_1, V_1, P_1, V_1, P_1, V_1, P_1, V_1, P_23",https://github.com/Intelligent-CAT-Lab/Graphectory/blob/application/data/SWE-agent/graphs/devstral-small/sympy__sympy-24661/sympy__sympy-24661.pdf,True,False,False,False,False
SWE-agent,devstral-small,unresolved,<15 min fix,django__django-11820,"L_8, P_1, V_1, P_7, L_1, V_1, P_1, V_3, P_7, V_4, P_3, V_42",https://github.com/Intelligent-CAT-Lab/Graphectory/blob/application/data/SWE-agent/graphs/devstral-small/django__django-11820/django__django-11820.pdf,False,True,False,False,True
SWE-agent,devstral-small,unresolved,<15 min fix,django__django-12125,"L_9, P_3, V_3, P_1, V_3, L_1, P_1, V_1, P_1, V_1, P_1, V_1, P_1, V_1, P_1, L_6, P_1, V_1, P_2, V_1, P_2, V_1, P_1, L_1, P_3, V_1, P_2, V_1, P_2, V_1, P_2, V_1, P_2, V_1, P_1",https://github.com/Intelligent-CAT-Lab/Graphectory/blob/application/data/SWE-agent/graphs/devstral-small/django__django-12125/django__django-12125.pdf,True,False,False,False,False
SWE-agent,devstral-small,unresolved,<15 min fix,django__django-13112,"L_8, P_5, V_6, P_2, V_1, P_1, V_1, L_1, P_2, V_7, P_1, V_3, P_1, V_1, P_1, V_1, P_1, V_1, P_1, V_1, P_1, V_1, P_1, V_1, P_1, V_1, P_2, L_1, P_1, V_1, P_1, V_1, P_1, L_1, P_1, V_1, P_1, V_1, P_1, V_1, P_1, V_1, P_1, V_1, P_2, V_1, P_3",https://github.com/Intelligent-CAT-Lab/Graphectory/blob/application/data/SWE-agent/graphs/devstral-small/django__django-13112/django__django-13112.pdf,True,False,False,False,False
SWE-agent,devstral-small,unresolved,<15 min fix,django__django-14855,"L_27, P_1, V_4, L_2, P_2, V_1, P_2, V_1, L_3, P_1, V_1, P_1, V_1, P_1, V_1, L_56",https://github.com/Intelligent-CAT-Lab/Graphectory/blob/application/data/SWE-agent/graphs/devstral-small/django__django-14855/django__django-14855.pdf,False,False,True,False,True
SWE-agent,devstral-small,unresolved,<15 min fix,django__django-15930,"L_27, P_1, V_4, P_1, V_1, P_1, V_1, P_1, V_1, P_6, V_1, P_1, V_1, P_1, V_1, P_1, V_1, P_1, V_1, P_1, V_1, P_1, V_1, P_1, V_1, P_1, V_1, P_1, V_1, P_1, V_1, P_1, V_1, P_1, V_1, P_1, V_1, P_1, V_1, P_1, V_1, P_1, V_1, P_1, V_1, P_1, V_1, P_1, V_1, P_1, V_1, P_1, V_1, P_1, V_1, P_1, V_1, P_1, V_1, P_1, V_1, P_1, V_1, P_1, V_1, P_1, V_1, P_1",https://github.com/Intelligent-CAT-Lab/Graphectory/blob/application/data/SWE-agent/graphs/devstral-small/django__django-15930/django__django-15930.pdf,False,False,True,False,False
SWE-agent,devstral-small,unresolved,<15 min fix,django__django-16100,"L_14, P_1, V_17, L_1, P_1, V_8, P_7, V_14, P_6, V_23",https://github.com/Intelligent-CAT-Lab/Graphectory/blob/application/data/SWE-agent/graphs/devstral-small/django__django-16100/django__django-16100.pdf,False,True,False,False,False
SWE-agent,devstral-small,unresolved,<15 min fix,django__django-17087,"L_16, P_1, L_1, P_1, V_3, L_2, P_1, V_2, L_52",https://github.com/Intelligent-CAT-Lab/Graphectory/blob/application/data/SWE-agent/graphs/devstral-small/django__django-17087/django__django-17087.pdf,False,False,True,False,False
SWE-agent,devstral-small,unresolved,<15 min fix,pylint-dev__pylint-4970,"L_8, P_1, L_1, P_1, V_12",https://github.com/Intelligent-CAT-Lab/Graphectory/blob/application/data/SWE-agent/graphs/devstral-small/pylint-dev__pylint-4970/pylint-dev__pylint-4970.pdf,False,False,True,False,False
SWE-agent,devstral-small,unresolved,<15 min fix,pylint-dev__pylint-7277,"L_4, P_2, L_1, P_1, V_3",https://github.com/Intelligent-CAT-Lab/Graphectory/blob/application/data/SWE-agent/graphs/devstral-small/pylint-dev__pylint-7277/pylint-dev__pylint-7277.pdf,True,False,False,False,False
SWE-agent,devstral-small,unresolved,<15 min fix,scikit-learn__scikit-learn-25232,"L_9, P_4, V_1, P_1, V_1, P_1, V_1, P_1, V_1, P_1, V_1, P_2, V_1, P_1, V_1, P_1, V_1, P_1, V_1, P_277",https://github.com/Intelligent-CAT-Lab/Graphectory/blob/application/data/SWE-agent/graphs/devstral-small/scikit-learn__scikit-learn-25232/scikit-learn__scikit-learn-25232.pdf,True,False,False,False,True
SWE-agent,devstral-small,unresolved,<15 min fix,sphinx-doc__sphinx-9230,"L_10, P_2, L_3, P_1, L_345",https://github.com/Intelligent-CAT-Lab/Graphectory/blob/application/data/SWE-agent/graphs/devstral-small/sphinx-doc__sphinx-9230/sphinx-doc__sphinx-9230.pdf,False,True,False,False,True
SWE-agent,devstral-small,unresolved,<15 min fix,sphinx-doc__sphinx-9711,L_87,https://github.com/Intelligent-CAT-Lab/Graphectory/blob/application/data/SWE-agent/graphs/devstral-small/sphinx-doc__sphinx-9711/sphinx-doc__sphinx-9711.pdf,False,False,True,False,False
SWE-agent,devstral-small,unresolved,<15 min fix,sympy__sympy-20916,"L_5, P_1, V_1, P_1, V_1, P_1, V_1, P_1, V_1, P_3, V_1, L_4, P_181",https://github.com/Intelligent-CAT-Lab/Graphectory/blob/application/data/SWE-agent/graphs/devstral-small/sympy__sympy-20916/sympy__sympy-20916.pdf,True,False,False,False,True
SWE-agent,devstral-small,unresolved,>4 hours,sympy__sympy-13878,"L_19, P_1, L_1, P_1, L_2, P_2, L_399",https://github.com/Intelligent-CAT-Lab/Graphectory/blob/application/data/SWE-agent/graphs/devstral-small/sympy__sympy-13878/sympy__sympy-13878.pdf,True,False,False,False,True
