agent,model,debug_difficulty,instance_id,resolution_vanilla_0,resolution_vanilla_1,resolution_vanilla_2,phases_vanilla_0,phases_vanilla_1,phases_vanilla_2,link_graphectory_vanilla_0,link_graphectory_vanilla_1,link_graphectory_vanilla_2
OpenHands,deepseek-r1-0528,<15 min fix,astropy__astropy-7336,resolved,,,"P_1, L_1, V_2, P_1, V_2, L_1, V_1",,,https://github.com/Intelligent-CAT-Lab/Graphectory/blob/application/data/OpenHands/graphs/deepseek-r1-0528/astropy__astropy-7336/astropy__astropy-7336.pdf,,
OpenHands,deepseek-v3,15 min - 1 hour,django__django-14170,unresolved,,,"P_2, L_10, P_1",,,https://github.com/Intelligent-CAT-Lab/Graphectory/blob/application/data/OpenHands/graphs/deepseek-v3/django__django-14170/django__django-14170.pdf,,
OpenHands,deepseek-v3,<15 min fix,django__django-15467,resolved,,,"P_1, L_5, P_1",,,https://github.com/Intelligent-CAT-Lab/Graphectory/blob/application/data/OpenHands/graphs/deepseek-v3/django__django-15467/django__django-15467.pdf,,
OpenHands,deepseek-v3,15 min - 1 hour,django__django-17084,unsubmitted,,,"P_1, V_2, L_2, V_2, L_2, P_1, V_1, L_8",,,https://github.com/Intelligent-CAT-Lab/Graphectory/blob/application/data/OpenHands/graphs/deepseek-v3/django__django-17084/django__django-17084.pdf,,
SWE-agent,deepseek-r1-0528,15 min - 1 hour,django__django-14672,resolved,resolved,resolved,"P_1, V_1, P_1, V_1, P_1, V_1, P_1, V_1, P_1, V_1, L_1, P_1, V_1","L_1, P_1, V_10","L_2, P_1",https://github.com/Intelligent-CAT-Lab/Graphectory/blob/application/data/SWE-agent/graphs/deepseek-r1-0528/django__django-14672/django__django-14672.pdf,https://github.com/Intelligent-CAT-Lab/Graphectory/blob/application/application/SWE-agent/graphs/default/start_with_P/exp-1/deepseek-r1-0528/django__django-14672/django__django-14672.pdf,https://github.com/Intelligent-CAT-Lab/Graphectory/blob/application/application/SWE-agent/graphs/default/start_with_P/exp-2/deepseek-r1-0528/django__django-14672/django__django-14672.pdf
SWE-agent,deepseek-r1-0528,15 min - 1 hour,django__django-15252,unresolved,unresolved,unresolved,"P_1, V_1, P_1, L_1, P_3, V_1, L_3, P_1, V_1, P_1","L_1, P_5","L_3, P_4",https://github.com/Intelligent-CAT-Lab/Graphectory/blob/application/data/SWE-agent/graphs/deepseek-r1-0528/django__django-15252/django__django-15252.pdf,https://github.com/Intelligent-CAT-Lab/Graphectory/blob/application/application/SWE-agent/graphs/default/start_with_P/exp-1/deepseek-r1-0528/django__django-15252/django__django-15252.pdf,https://github.com/Intelligent-CAT-Lab/Graphectory/blob/application/application/SWE-agent/graphs/default/start_with_P/exp-2/deepseek-r1-0528/django__django-15252/django__django-15252.pdf
SWE-agent,deepseek-r1-0528,<15 min fix,django__django-15863,resolved,unresolved,unresolved,"P_1, L_2, P_1, V_3","L_2, P_1, V_2, P_1, V_1","L_4, P_1, V_1",https://github.com/Intelligent-CAT-Lab/Graphectory/blob/application/data/SWE-agent/graphs/deepseek-r1-0528/django__django-15863/django__django-15863.pdf,https://github.com/Intelligent-CAT-Lab/Graphectory/blob/application/application/SWE-agent/graphs/default/start_with_P/exp-1/deepseek-r1-0528/django__django-15863/django__django-15863.pdf,https://github.com/Intelligent-CAT-Lab/Graphectory/blob/application/application/SWE-agent/graphs/default/start_with_P/exp-2/deepseek-r1-0528/django__django-15863/django__django-15863.pdf
SWE-agent,deepseek-r1-0528,15 min - 1 hour,mwaskom__seaborn-3187,unresolved,unresolved,unresolved,"P_2, V_1, L_1","L_3, P_4, V_1, P_1, V_1, L_1","L_2, P_1, V_2",https://github.com/Intelligent-CAT-Lab/Graphectory/blob/application/data/SWE-agent/graphs/deepseek-r1-0528/mwaskom__seaborn-3187/mwaskom__seaborn-3187.pdf,https://github.com/Intelligent-CAT-Lab/Graphectory/blob/application/application/SWE-agent/graphs/default/start_with_P/exp-1/deepseek-r1-0528/mwaskom__seaborn-3187/mwaskom__seaborn-3187.pdf,https://github.com/Intelligent-CAT-Lab/Graphectory/blob/application/application/SWE-agent/graphs/default/start_with_P/exp-2/deepseek-r1-0528/mwaskom__seaborn-3187/mwaskom__seaborn-3187.pdf
SWE-agent,deepseek-r1-0528,15 min - 1 hour,pylint-dev__pylint-6386,unresolved,unresolved,unresolved,"P_1, V_1, L_8, P_1, V_10","P_1, L_7, P_1, V_6","L_10, P_1, V_6",https://github.com/Intelligent-CAT-Lab/Graphectory/blob/application/data/SWE-agent/graphs/deepseek-r1-0528/pylint-dev__pylint-6386/pylint-dev__pylint-6386.pdf,https://github.com/Intelligent-CAT-Lab/Graphectory/blob/application/application/SWE-agent/graphs/default/start_with_P/exp-1/deepseek-r1-0528/pylint-dev__pylint-6386/pylint-dev__pylint-6386.pdf,https://github.com/Intelligent-CAT-Lab/Graphectory/blob/application/application/SWE-agent/graphs/default/start_with_P/exp-2/deepseek-r1-0528/pylint-dev__pylint-6386/pylint-dev__pylint-6386.pdf
SWE-agent,deepseek-r1-0528,1-4 hours,pytest-dev__pytest-6197,unresolved,unresolved,unresolved,"P_1, V_2, L_4, P_1, V_1, L_1, P_1, V_1","L_2, P_1, V_2","L_4, P_1, V_1",https://github.com/Intelligent-CAT-Lab/Graphectory/blob/application/data/SWE-agent/graphs/deepseek-r1-0528/pytest-dev__pytest-6197/pytest-dev__pytest-6197.pdf,https://github.com/Intelligent-CAT-Lab/Graphectory/blob/application/application/SWE-agent/graphs/default/start_with_P/exp-1/deepseek-r1-0528/pytest-dev__pytest-6197/pytest-dev__pytest-6197.pdf,https://github.com/Intelligent-CAT-Lab/Graphectory/blob/application/application/SWE-agent/graphs/default/start_with_P/exp-2/deepseek-r1-0528/pytest-dev__pytest-6197/pytest-dev__pytest-6197.pdf
SWE-agent,deepseek-r1-0528,15 min - 1 hour,scikit-learn__scikit-learn-25747,unresolved,unresolved,unresolved,"P_3, L_2, V_1, P_1, V_1","L_5, P_1, V_1","L_1, P_1, V_4",https://github.com/Intelligent-CAT-Lab/Graphectory/blob/application/data/SWE-agent/graphs/deepseek-r1-0528/scikit-learn__scikit-learn-25747/scikit-learn__scikit-learn-25747.pdf,https://github.com/Intelligent-CAT-Lab/Graphectory/blob/application/application/SWE-agent/graphs/default/start_with_P/exp-1/deepseek-r1-0528/scikit-learn__scikit-learn-25747/scikit-learn__scikit-learn-25747.pdf,https://github.com/Intelligent-CAT-Lab/Graphectory/blob/application/application/SWE-agent/graphs/default/start_with_P/exp-2/deepseek-r1-0528/scikit-learn__scikit-learn-25747/scikit-learn__scikit-learn-25747.pdf
SWE-agent,deepseek-r1-0528,15 min - 1 hour,sympy__sympy-13798,unresolved,unresolved,unresolved,"P_1, L_1, P_1, V_1, P_2, L_5, P_1, L_3, P_1, V_1","L_4, P_1, L_1, P_1, V_2, P_1, L_1, P_4, V_8","L_5, P_2, L_1, P_1, V_6",https://github.com/Intelligent-CAT-Lab/Graphectory/blob/application/data/SWE-agent/graphs/deepseek-r1-0528/sympy__sympy-13798/sympy__sympy-13798.pdf,https://github.com/Intelligent-CAT-Lab/Graphectory/blob/application/application/SWE-agent/graphs/default/start_with_P/exp-1/deepseek-r1-0528/sympy__sympy-13798/sympy__sympy-13798.pdf,https://github.com/Intelligent-CAT-Lab/Graphectory/blob/application/application/SWE-agent/graphs/default/start_with_P/exp-2/deepseek-r1-0528/sympy__sympy-13798/sympy__sympy-13798.pdf
SWE-agent,deepseek-r1-0528,<15 min fix,sympy__sympy-14711,resolved,resolved,resolved,"P_1, L_2, P_1, V_1","L_2, P_1, V_2","L_3, P_1, V_2",https://github.com/Intelligent-CAT-Lab/Graphectory/blob/application/data/SWE-agent/graphs/deepseek-r1-0528/sympy__sympy-14711/sympy__sympy-14711.pdf,https://github.com/Intelligent-CAT-Lab/Graphectory/blob/application/application/SWE-agent/graphs/default/start_with_P/exp-1/deepseek-r1-0528/sympy__sympy-14711/sympy__sympy-14711.pdf,https://github.com/Intelligent-CAT-Lab/Graphectory/blob/application/application/SWE-agent/graphs/default/start_with_P/exp-2/deepseek-r1-0528/sympy__sympy-14711/sympy__sympy-14711.pdf
SWE-agent,deepseek-r1-0528,15 min - 1 hour,sympy__sympy-21930,unresolved,unresolved,unresolved,"P_1, L_9, P_1, V_1, P_1","L_3, P_1, L_1, P_1, V_2","L_2, P_1, L_1, P_1, V_2, L_2, P_1, V_1",https://github.com/Intelligent-CAT-Lab/Graphectory/blob/application/data/SWE-agent/graphs/deepseek-r1-0528/sympy__sympy-21930/sympy__sympy-21930.pdf,https://github.com/Intelligent-CAT-Lab/Graphectory/blob/application/application/SWE-agent/graphs/default/start_with_P/exp-1/deepseek-r1-0528/sympy__sympy-21930/sympy__sympy-21930.pdf,https://github.com/Intelligent-CAT-Lab/Graphectory/blob/application/application/SWE-agent/graphs/default/start_with_P/exp-2/deepseek-r1-0528/sympy__sympy-21930/sympy__sympy-21930.pdf
SWE-agent,deepseek-v3,<15 min fix,astropy__astropy-7336,resolved,resolved,resolved,"P_1, V_1, L_1, P_1, V_1","L_1, P_1, V_1, P_1, V_1","P_1, V_1, L_1, P_1, V_1",https://github.com/Intelligent-CAT-Lab/Graphectory/blob/application/data/SWE-agent/graphs/deepseek-v3/astropy__astropy-7336/astropy__astropy-7336.pdf,https://github.com/Intelligent-CAT-Lab/Graphectory/blob/application/application/SWE-agent/graphs/default/start_with_P/exp-1/deepseek-chat-v3-0324/astropy__astropy-7336/astropy__astropy-7336.pdf,https://github.com/Intelligent-CAT-Lab/Graphectory/blob/application/application/SWE-agent/graphs/default/start_with_P/exp-2/deepseek-chat-v3-0324/astropy__astropy-7336/astropy__astropy-7336.pdf
SWE-agent,deepseek-v3,1-4 hours,sphinx-doc__sphinx-11510,unresolved,unresolved,unresolved,"P_4, L_1, P_3, L_1, P_2, L_1, P_1, L_1, P_2, L_1, P_3, L_1, P_1, L_1","P_4, L_3, P_4, L_3","P_1, L_1, P_2, L_1",https://github.com/Intelligent-CAT-Lab/Graphectory/blob/application/data/SWE-agent/graphs/deepseek-v3/sphinx-doc__sphinx-11510/sphinx-doc__sphinx-11510.pdf,https://github.com/Intelligent-CAT-Lab/Graphectory/blob/application/application/SWE-agent/graphs/default/start_with_P/exp-1/deepseek-chat-v3-0324/sphinx-doc__sphinx-11510/sphinx-doc__sphinx-11510.pdf,https://github.com/Intelligent-CAT-Lab/Graphectory/blob/application/application/SWE-agent/graphs/default/start_with_P/exp-2/deepseek-chat-v3-0324/sphinx-doc__sphinx-11510/sphinx-doc__sphinx-11510.pdf
SWE-agent,deepseek-v3,<15 min fix,sphinx-doc__sphinx-8595,resolved,unresolved,unresolved,"P_3, L_3, P_1","P_3, L_8, P_1, L_4","L_4, P_1",https://github.com/Intelligent-CAT-Lab/Graphectory/blob/application/data/SWE-agent/graphs/deepseek-v3/sphinx-doc__sphinx-8595/sphinx-doc__sphinx-8595.pdf,https://github.com/Intelligent-CAT-Lab/Graphectory/blob/application/application/SWE-agent/graphs/default/start_with_P/exp-1/deepseek-chat-v3-0324/sphinx-doc__sphinx-8595/sphinx-doc__sphinx-8595.pdf,https://github.com/Intelligent-CAT-Lab/Graphectory/blob/application/application/SWE-agent/graphs/default/start_with_P/exp-2/deepseek-chat-v3-0324/sphinx-doc__sphinx-8595/sphinx-doc__sphinx-8595.pdf
SWE-agent,deepseek-v3,1-4 hours,sphinx-doc__sphinx-9229,unresolved,unresolved,unresolved,"P_4, L_1, P_6, L_1, P_2, L_1, P_2, L_1, P_2, L_1, P_2, L_1, P_2, L_1, P_2, L_1, P_2, L_1, P_2, L_1, P_2, L_1, P_2, L_1, P_2, L_1, P_2, L_1, P_2, L_1, P_2, L_1, P_2, L_1, P_2, L_1, P_2, L_1, P_2, L_1, P_2, L_1, P_2, L_1, P_2, L_1, P_2, L_1, P_2, L_1, P_2, L_1, P_2, L_1, P_2, L_1, P_2, L_1, P_2, L_1, P_2, L_1, P_1","P_3, L_1, P_1, L_1, P_1","P_1, L_1, P_2",https://github.com/Intelligent-CAT-Lab/Graphectory/blob/application/data/SWE-agent/graphs/deepseek-v3/sphinx-doc__sphinx-9229/sphinx-doc__sphinx-9229.pdf,https://github.com/Intelligent-CAT-Lab/Graphectory/blob/application/application/SWE-agent/graphs/default/start_with_P/exp-1/deepseek-chat-v3-0324/sphinx-doc__sphinx-9229/sphinx-doc__sphinx-9229.pdf,https://github.com/Intelligent-CAT-Lab/Graphectory/blob/application/application/SWE-agent/graphs/default/start_with_P/exp-2/deepseek-chat-v3-0324/sphinx-doc__sphinx-9229/sphinx-doc__sphinx-9229.pdf
SWE-agent,devstral-small,15 min - 1 hour,django__django-12858,unresolved,unresolved,resolved,"P_2, L_2, P_1, L_5, V_4, P_4, V_3, P_1, V_3, P_1, L_1, P_1, V_1, L_1, P_1, V_3, P_1, V_3, P_1, V_3, P_1, V_3, P_1, V_3, P_1, V_3, P_1, V_3, P_3, V_3, P_2, V_3, P_2","P_2, L_2, P_3, L_5, P_1, L_2, V_3, P_1, L_1, P_1, V_8, L_1, P_1, V_3, P_1, L_1, P_1, V_17","L_15, P_1, L_1, P_2, L_1, P_1, V_1, P_1, V_1, P_1, L_1, P_1, V_1, P_1, V_1, P_1, V_1, P_1, V_1, P_1, V_1",https://github.com/Intelligent-CAT-Lab/Graphectory/blob/application/data/SWE-agent/graphs/devstral-small/django__django-12858/django__django-12858.pdf,https://github.com/Intelligent-CAT-Lab/Graphectory/blob/application/application/SWE-agent/graphs/default/start_with_P/exp-1/devstral-small/django__django-12858/django__django-12858.pdf,https://github.com/Intelligent-CAT-Lab/Graphectory/blob/application/application/SWE-agent/graphs/default/start_with_P/exp-2/devstral-small/django__django-12858/django__django-12858.pdf
